at,episode,kind,usd,jpy
2026-09-27T12:53:41,_refsheet,refsheet,0.02114,3.17
2026-09-27T12:53:54,_refsheet,refsheet,0.02114,3.17
2026-09-27T12:54:06,_refsheet,refsheet,0.02114,3.17
2026-09-27T12:56:23,_refsheet,refsheet,0.03358,5.04
2026-09-27T12:56:38,_refsheet,refsheet,0.03358,5.04
2026-09-27T12:56:52,_refsheet,refsheet,0.03358,5.04
2026-09-27T12:58:02,_refsheet,refsheet,0.02431,3.65
2026-09-27T12:58:14,_refsheet,refsheet,0.02431,3.65
2026-09-27T12:58:27,_refsheet,refsheet,0.02437,3.66
2026-09-27T12:58:40,_refsheet,refsheet,0.02437,3.66
2026-09-27T12:58:53,_refsheet,refsheet,0.02447,3.67
2026-09-27T12:59:08,_refsheet,refsheet,0.02451,3.68
2026-09-27T12:59:22,_refsheet,refsheet,0.02490,3.74
2026-09-27T12:59:34,_brand,brand,0.02719,4.08
2026-09-27T12:59:46,_brand,brand,0.02719,4.08
2026-09-27T13:00:20,_refsheet,refsheet,0.02448,3.67
2026-09-27T13:00:34,_refsheet,refsheet,0.02448,3.67
2026-09-27T13:01:03,_refsheet,refsheet,0.02425,3.64
2026-09-27T13:01:17,_refsheet,refsheet,0.02425,3.64
2026-09-27T13:04:31,2026-09-27_B01,image,0.01116,1.67
2026-09-27T13:04:32,2026-09-27_B01,image,0.01158,1.74
2026-09-27T13:04:45,2026-09-27_B01,image,0.02490,3.73
2026-09-27T13:04:46,2026-09-27_B01,image,0.02441,3.66
2026-09-27T13:04:57,2026-09-27_B01,image,0.02481,3.72
2026-09-27T13:04:58,2026-09-27_B01,image,0.02441,3.66
2026-09-27T13:05:11,2026-09-27_B01,image,0.02439,3.66
2026-09-27T13:05:12,2026-09-27_B01,image,0.02440,3.66
2026-09-27T13:05:24,2026-09-27_B01,image,0.02441,3.66
2026-09-27T13:05:27,2026-09-27_B01,image,0.02439,3.66
2026-09-27T13:05:36,2026-09-27_B01,image,0.02485,3.73
2026-09-27T13:05:39,2026-09-27_B01,image,0.02486,3.73
2026-09-27T13:05:48,2026-09-27_B01,image,0.02480,3.72
2026-09-27T13:05:52,2026-09-27_B01,image,0.02483,3.72
2026-09-27T13:06:01,2026-09-27_B01,image,0.02439,3.66
2026-09-27T13:06:07,2026-09-27_B01,image,0.02481,3.72
2026-09-27T13:06:13,2026-09-27_B01,image,0.02440,3.66
2026-09-27T13:06:21,2026-09-27_B01,image,0.02484,3.73
2026-09-27T13:06:56,2026-09-27_B01,image,0.02455,3.68
2026-09-27T13:06:56,2026-09-27_B01,image,0.02505,3.76
2026-09-27T13:08:52,2026-09-27_B01,image,0.01122,1.68
2026-09-27T13:12:12,2026-09-27_B01,image,0.02465,3.70
2026-09-27T13:12:13,2026-09-27_B01,image,0.02480,3.72
2026-09-27T13:12:24,2026-09-27_B01,image,0.02482,3.72
2026-09-27T13:13:08,2026-09-27_B01,image,0.02494,3.74
2026-09-27T13:40:16,2026-09-28_B03,image,0.01174,1.76
2026-09-27T13:40:22,2026-09-28_B03,image,0.02463,3.69
2026-09-27T13:40:27,2026-09-28_B03,image,0.01184,1.78
2026-09-27T13:40:33,2026-09-28_B03,image,0.01173,1.76
2026-09-27T13:40:40,2026-09-28_B03,image,0.02506,3.76
2026-09-27T13:40:45,2026-09-28_B03,image,0.02502,3.75
2026-09-27T13:40:55,2026-09-28_B03,image,0.02456,3.68
2026-09-27T13:40:57,2026-09-28_B03,image,0.02452,3.68
2026-09-27T13:41:06,2026-09-28_B03,image,0.02505,3.76
2026-09-27T13:41:09,2026-09-28_B03,image,0.02498,3.75
2026-09-27T13:41:21,2026-09-28_B03,image,0.02464,3.70
2026-09-27T13:41:22,2026-09-28_B03,image,0.02454,3.68
2026-09-27T13:41:35,2026-09-28_B03,image,0.02502,3.75
2026-09-27T13:41:35,2026-09-28_B03,image,0.02500,3.75
2026-09-27T13:41:50,2026-09-28_B03,image,0.02467,3.70
2026-09-27T13:41:52,2026-09-28_B03,image,0.02503,3.75
2026-09-27T13:42:03,2026-09-28_B03,image,0.02508,3.76
2026-09-27T13:42:05,2026-09-28_B03,image,0.02506,3.76
2026-09-27T13:42:16,2026-09-28_B03,image,0.02454,3.68
2026-09-27T13:42:19,2026-09-28_B03,image,0.02499,3.75
2026-09-27T13:42:30,2026-09-29_A01,image,0.01175,1.76
2026-09-27T13:42:32,2026-09-29_A01,image,0.02507,3.76
2026-09-27T13:42:44,2026-09-29_A01,image,0.02497,3.75
2026-09-27T13:42:45,2026-09-29_A01,image,0.02497,3.75
2026-09-27T13:42:56,2026-09-29_A01,image,0.02453,3.68
2026-09-27T13:43:00,2026-09-29_A01,image,0.02453,3.68
2026-09-27T13:43:09,2026-09-29_A01,image,0.02460,3.69
2026-09-27T13:43:13,2026-09-29_A01,image,0.02461,3.69
2026-09-27T13:43:22,2026-09-29_A01,image,0.02499,3.75
2026-09-27T13:43:26,2026-09-29_A01,image,0.02501,3.75
2026-09-27T13:43:36,2026-09-29_A01,image,0.02496,3.74
2026-09-27T13:43:37,2026-09-29_A01,image,0.02498,3.75
2026-09-27T13:43:48,2026-09-29_A01,image,0.02454,3.68
2026-09-27T13:43:50,2026-09-29_A01,image,0.02503,3.75
2026-09-27T13:44:00,2026-09-29_A01,image,0.02498,3.75
2026-09-27T13:44:02,2026-09-29_A01,image,0.02468,3.70
2026-09-27T13:44:13,2026-09-29_A01,image,0.02512,3.77
2026-09-27T13:44:14,2026-09-29_A01,image,0.02454,3.68
2026-09-27T13:44:25,2026-09-29_A01,image,0.02455,3.68
2026-09-27T13:44:26,2026-09-29_A01,image,0.02503,3.75
2026-09-27T13:44:38,2026-09-30_1200_B13,image,0.01173,1.76
2026-09-27T13:44:40,2026-09-30_1200_B13,image,0.02466,3.70
2026-09-27T13:44:48,2026-09-30_1200_B13,image,0.01173,1.76
2026-09-27T13:44:52,2026-09-30_1200_B13,image,0.01129,1.69
2026-09-27T13:45:01,2026-09-30_1200_B13,image,0.02502,3.75
2026-09-27T13:45:04,2026-09-30_1200_B13,image,0.02451,3.68
2026-09-27T13:45:13,2026-09-30_1200_B13,image,0.02498,3.75
2026-09-27T13:45:14,2026-09-30_1200_B13,image,0.02453,3.68
2026-09-27T13:45:25,2026-09-30_1200_B13,image,0.01171,1.76
2026-09-27T13:45:27,2026-09-30_1200_B13,image,0.02451,3.68
2026-09-27T13:45:37,2026-09-30_1200_B13,image,0.02453,3.68
2026-09-27T13:45:39,2026-09-30_1200_B13,image,0.02500,3.75
2026-09-27T13:45:48,2026-09-30_1200_B13,image,0.02496,3.74
2026-09-27T13:45:50,2026-09-30_1200_B13,image,0.02459,3.69
2026-09-27T13:46:01,2026-09-30_1200_B13,image,0.02493,3.74
2026-09-27T13:46:05,2026-09-30_1200_B13,image,0.02465,3.70
2026-09-27T13:46:12,2026-09-30_1200_B13,image,0.01138,1.71
2026-09-27T13:46:18,2026-09-30_1200_B13,image,0.02504,3.76
2026-09-27T13:46:24,2026-09-30_1200_B13,image,0.02452,3.68
2026-09-27T13:46:32,2026-09-30_1200_B13,image,0.02503,3.75
2026-09-27T13:46:45,2026-10-01_2100_C01,image,0.02521,3.78
2026-09-27T13:46:47,2026-10-01_2100_C01,image,0.02486,3.73
2026-09-27T13:46:56,2026-10-01_2100_C01,image,0.01171,1.76
2026-09-27T13:47:01,2026-10-01_2100_C01,image,0.02520,3.78
2026-09-27T13:47:09,2026-10-01_2100_C01,image,0.02483,3.72
2026-09-27T13:47:13,2026-10-01_2100_C01,image,0.02474,3.71
2026-09-27T13:47:22,2026-10-01_2100_C01,image,0.02485,3.73
2026-09-27T13:47:27,2026-10-01_2100_C01,image,0.02479,3.72
2026-09-27T13:47:34,2026-10-01_2100_C01,image,0.02521,3.78
2026-09-27T13:47:41,2026-10-01_2100_C01,image,0.02519,3.78
2026-09-27T13:47:46,2026-10-01_2100_C01,image,0.02517,3.78
2026-09-27T13:47:54,2026-10-01_2100_C01,image,0.02519,3.78
2026-09-27T13:47:57,2026-10-01_2100_C01,image,0.02520,3.78
2026-09-27T13:48:06,2026-10-01_2100_C01,image,0.02528,3.79
2026-09-27T13:48:09,2026-10-01_2100_C01,image,0.02521,3.78
2026-09-27T13:48:18,2026-10-01_2100_C01,image,0.02488,3.73
2026-09-27T13:48:22,2026-10-01_2100_C01,image,0.02530,3.80
2026-09-27T13:48:32,2026-10-01_2100_C01,image,0.02522,3.78
2026-09-27T13:48:34,2026-10-01_2100_C01,image,0.02519,3.78
2026-09-27T13:48:45,2026-10-01_2100_C01,image,0.02480,3.72
2026-09-27T13:49:46,2026-09-28_B03,image,0.02520,3.78
2026-09-27T13:49:46,2026-09-28_B03,image,0.02524,3.79
2026-09-27T13:49:59,2026-09-29_A01,image,0.02520,3.78
2026-09-27T13:50:00,2026-09-29_A01,image,0.02516,3.77
2026-09-27T13:50:12,2026-09-29_A01,image,0.02517,3.78
2026-09-27T13:50:14,2026-09-29_A01,image,0.02519,3.78
2026-09-27T13:50:27,2026-09-29_A01,image,0.02528,3.79
2026-09-27T13:50:28,2026-09-29_A01,image,0.02521,3.78
2026-09-27T13:50:42,2026-09-30_1200_B13,image,0.02460,3.69
2026-09-27T13:50:43,2026-09-30_1200_B13,image,0.02511,3.77
2026-09-27T13:50:57,2026-09-30_1200_B13,image,0.02519,3.78
2026-09-27T13:51:09,2026-10-01_2100_C01,image,0.02541,3.81
2026-09-27T14:20:48,2026-10-01_1200_B20,image,0.01187,1.78
2026-09-27T14:20:49,2026-10-01_1200_B20,image,0.02473,3.71
2026-09-27T14:21:00,2026-10-01_1200_B20,image,0.02460,3.69
2026-09-27T14:21:00,2026-10-01_1200_B20,image,0.01185,1.78
2026-09-27T14:21:12,2026-10-01_1200_B20,image,0.02460,3.69
2026-09-27T14:21:14,2026-10-01_1200_B20,image,0.02467,3.70
2026-09-27T14:21:23,2026-10-01_1200_B20,image,0.02460,3.69
2026-09-27T14:21:27,2026-10-01_1200_B20,image,0.02465,3.70
2026-09-27T14:21:34,2026-10-01_1200_B20,image,0.01182,1.77
2026-09-27T14:21:39,2026-10-01_1200_B20,image,0.01185,1.78
2026-09-27T14:21:47,2026-10-01_1200_B20,image,0.02463,3.69
2026-09-27T14:21:52,2026-10-01_1200_B20,image,0.02465,3.70
2026-09-27T14:21:57,2026-10-01_1200_B20,image,0.01137,1.71
2026-09-27T14:22:05,2026-10-01_1200_B20,image,0.02463,3.69
2026-09-27T14:22:12,2026-10-01_1200_B20,image,0.02510,3.76
2026-09-27T14:22:18,2026-10-01_1200_B20,image,0.02472,3.71
2026-09-27T14:22:26,2026-10-01_1200_B20,image,0.02522,3.78
2026-09-27T14:22:29,2026-10-01_1200_B20,image,0.02515,3.77
2026-09-27T14:22:38,2026-10-01_1200_B20,image,0.02460,3.69
2026-09-27T14:22:44,2026-10-01_1200_B20,image,0.02510,3.77
2026-09-27T14:22:56,2026-10-03_2100_E12,image,0.02473,3.71
2026-09-27T14:22:57,2026-10-03_2100_E12,image,0.02462,3.69
2026-09-27T14:23:08,2026-10-03_2100_E12,image,0.01183,1.77
2026-09-27T14:23:08,2026-10-03_2100_E12,image,0.02515,3.77
2026-09-27T14:23:18,2026-10-03_2100_E12,image,0.01188,1.78
2026-09-27T14:23:20,2026-10-03_2100_E12,image,0.02533,3.80
2026-09-27T14:23:32,2026-10-03_2100_E12,image,0.02507,3.76
2026-09-27T14:23:32,2026-10-03_2100_E12,image,0.02462,3.69
2026-09-27T14:23:44,2026-10-03_2100_E12,image,0.02466,3.70
2026-09-27T14:23:44,2026-10-03_2100_E12,image,0.02459,3.69
2026-09-27T14:23:56,2026-10-03_2100_E12,image,0.02509,3.76
2026-09-27T14:23:56,2026-10-03_2100_E12,image,0.02459,3.69
2026-09-27T14:24:06,2026-10-03_2100_E12,image,0.01133,1.70
2026-09-27T14:24:08,2026-10-03_2100_E12,image,0.02469,3.70
2026-09-27T14:24:19,2026-10-03_2100_E12,image,0.02508,3.76
2026-09-27T14:24:20,2026-10-03_2100_E12,image,0.02472,3.71
2026-09-27T14:24:31,2026-10-03_2100_E12,image,0.01184,1.78
2026-09-27T14:24:31,2026-10-03_2100_E12,image,0.01148,1.72
2026-09-27T14:24:45,2026-10-03_2100_E12,image,0.02459,3.69
2026-09-27T14:25:18,2026-10-03_2100_E12,image,0.02510,3.76
2026-09-27T14:25:31,2026-09-30_2100_C05,image,0.02478,3.72
2026-09-27T14:25:32,2026-09-30_2100_C05,image,0.02522,3.78
2026-09-27T14:25:45,2026-09-30_2100_C05,image,0.02474,3.71
2026-09-27T14:25:45,2026-09-30_2100_C05,image,0.02519,3.78
2026-09-27T14:25:57,2026-09-30_2100_C05,image,0.02472,3.71
2026-09-27T14:26:00,2026-09-30_2100_C05,image,0.02471,3.71
2026-09-27T14:26:10,2026-09-30_2100_C05,image,0.02524,3.79
2026-09-27T14:26:13,2026-09-30_2100_C05,image,0.02472,3.71
2026-09-27T14:26:24,2026-09-30_2100_C05,image,0.02482,3.72
2026-09-27T14:26:25,2026-09-30_2100_C05,image,0.02526,3.79
2026-09-27T14:26:36,2026-09-30_2100_C05,image,0.02475,3.71
2026-09-27T14:26:36,2026-09-30_2100_C05,image,0.02467,3.70
2026-09-27T14:26:48,2026-09-30_2100_C05,image,0.02522,3.78
2026-09-27T14:26:49,2026-09-30_2100_C05,image,0.02524,3.79
2026-09-27T14:27:00,2026-09-30_2100_C05,image,0.02520,3.78
2026-09-27T14:27:02,2026-09-30_2100_C05,image,0.02486,3.73
2026-09-27T14:27:13,2026-09-30_2100_C05,image,0.02533,3.80
2026-09-27T14:27:15,2026-09-30_2100_C05,image,0.02524,3.79
2026-09-27T14:27:25,2026-09-30_2100_C05,image,0.02524,3.79
2026-09-27T14:27:30,2026-09-30_2100_C05,image,0.02523,3.78
2026-09-27T14:27:42,2026-10-02_2100_B05,image,0.01184,1.78
2026-09-27T14:27:44,2026-10-02_2100_B05,image,0.02472,3.71
2026-09-27T14:27:52,2026-10-02_2100_B05,image,0.01184,1.78
2026-09-27T14:27:55,2026-10-02_2100_B05,image,0.01184,1.78
2026-09-27T14:28:03,2026-10-02_2100_B05,image,0.01186,1.78
2026-09-27T14:28:07,2026-10-02_2100_B05,image,0.02507,3.76
2026-09-27T14:28:16,2026-10-02_2100_B05,image,0.02509,3.76
2026-09-27T14:28:20,2026-10-02_2100_B05,image,0.02513,3.77
2026-09-27T14:28:26,2026-10-02_2100_B05,image,0.02509,3.76
2026-09-27T14:28:34,2026-10-02_2100_B05,image,0.02506,3.76
2026-09-27T14:28:39,2026-10-02_2100_B05,image,0.02508,3.76
2026-09-27T14:28:45,2026-10-02_2100_B05,image,0.02458,3.69
2026-09-27T14:28:52,2026-10-02_2100_B05,image,0.02511,3.77
2026-09-27T14:28:57,2026-10-02_2100_B05,image,0.02509,3.76
2026-09-27T14:29:05,2026-10-02_2100_B05,image,0.02508,3.76
2026-09-27T14:29:11,2026-10-02_2100_B05,image,0.02518,3.78
2026-09-27T14:29:18,2026-10-02_2100_B05,image,0.02516,3.77
2026-09-27T14:29:23,2026-10-02_2100_B05,image,0.02508,3.76
2026-09-27T14:29:30,2026-10-02_2100_B05,image,0.02461,3.69
2026-09-27T14:29:36,2026-10-02_2100_B05,image,0.02511,3.77
2026-09-27T14:29:50,2026-09-30_0700_A04,image,0.02471,3.71
2026-09-27T14:29:51,2026-09-30_0700_A04,image,0.01190,1.79
2026-09-27T14:30:05,2026-09-30_0700_A04,image,0.02460,3.69
2026-09-27T14:30:05,2026-09-30_0700_A04,image,0.02509,3.76
2026-09-27T14:30:18,2026-09-30_0700_A04,image,0.02457,3.69
2026-09-27T14:30:18,2026-09-30_0700_A04,image,0.02460,3.69
2026-09-27T14:30:29,2026-09-30_0700_A04,image,0.02507,3.76
2026-09-27T14:30:32,2026-09-30_0700_A04,image,0.02460,3.69
2026-09-27T14:30:42,2026-09-30_0700_A04,image,0.02512,3.77
2026-09-27T14:30:44,2026-09-30_0700_A04,image,0.02512,3.77
2026-09-27T14:30:55,2026-09-30_0700_A04,image,0.02509,3.76
2026-09-27T14:30:57,2026-09-30_0700_A04,image,0.02458,3.69
2026-09-27T14:31:07,2026-09-30_0700_A04,image,0.02504,3.76
2026-09-27T14:31:09,2026-09-30_0700_A04,image,0.02507,3.76
2026-09-27T14:31:19,2026-09-30_0700_A04,image,0.02511,3.77
2026-09-27T14:31:23,2026-09-30_0700_A04,image,0.02521,3.78
2026-09-27T14:31:32,2026-09-30_0700_A04,image,0.02474,3.71
2026-09-27T14:31:35,2026-09-30_0700_A04,image,0.02457,3.69
2026-09-27T14:31:44,2026-09-30_0700_A04,image,0.02461,3.69
2026-09-27T14:31:48,2026-09-30_0700_A04,image,0.02514,3.77
2026-09-27T14:32:30,2026-10-03_2100_E12,image,0.02551,3.83
2026-09-27T14:32:32,2026-10-03_2100_E12,image,0.02488,3.73
2026-09-27T14:32:44,2026-10-03_2100_E12,image,0.02523,3.78
2026-09-29T21:21:48,2026-09-29_A01,qa,0.00888,1.33
2026-09-29T21:22:02,2026-09-29_A01,qa,0.00125,0.19
2026-09-29T21:22:32,2026-09-29_A01,qa,0.00282,0.42
2026-09-29T21:25:15,2026-10-01_0700_A02,image,0.02541,3.81
2026-09-29T21:25:16,2026-10-01_0700_A02,image,0.02496,3.74
2026-09-29T21:25:28,2026-10-01_0700_A02,image,0.02489,3.73
2026-09-29T21:25:28,2026-10-01_0700_A02,image,0.02487,3.73
2026-09-29T21:25:40,2026-10-01_0700_A02,image,0.02493,3.74
2026-09-29T21:25:43,2026-10-01_0700_A02,image,0.02493,3.74
2026-09-29T21:25:55,2026-09-30_1200_B13,qa,0.03946,5.92
2026-09-29T21:25:56,2026-10-01_0700_A02,image,0.02486,3.73
2026-09-29T21:26:03,2026-10-01_0700_A02,image,0.02544,3.82
2026-09-29T21:26:11,2026-10-01_0700_A02,image,0.02541,3.81
2026-09-29T21:26:16,2026-10-01_0700_A02,image,0.02538,3.81
2026-09-29T21:26:23,2026-10-01_0700_A02,image,0.02540,3.81
2026-09-29T21:26:30,2026-10-01_0700_A02,image,0.02539,3.81
2026-09-29T21:26:35,2026-10-01_0700_A02,image,0.02538,3.81
2026-09-29T21:26:42,2026-10-01_0700_A02,image,0.02535,3.80
2026-09-29T21:26:49,2026-10-01_0700_A02,image,0.02535,3.80
2026-09-29T21:26:54,2026-10-01_0700_A02,image,0.02497,3.75
2026-09-29T21:27:01,2026-10-01_0700_A02,image,0.02546,3.82
2026-09-29T21:27:07,2026-10-01_0700_A02,image,0.02483,3.72
2026-09-29T21:27:12,2026-10-01_0700_A02,image,0.02537,3.81
2026-09-29T21:27:18,2026-10-01_0700_A02,image,0.02485,3.73
2026-09-29T21:29:33,2026-10-01_2100_C01,qa,0.04644,6.97
2026-09-29T21:29:47,2026-10-01_2100_C01,image,0.02551,3.83
2026-09-29T21:30:09,2026-10-01_2100_C01,image,0.02503,3.75
2026-09-29T21:30:30,2026-10-01_2100_C01,qa,0.00395,0.59
2026-09-29T21:30:36,2026-10-01_0700_A02,qa,0.04071,6.11
2026-09-29T21:30:48,2026-10-01_0700_A02,image,0.02504,3.76
2026-09-29T21:30:49,2026-10-01_0700_A02,image,0.02501,3.75
2026-09-29T21:31:07,2026-10-01_0700_A02,qa,0.00324,0.49
2026-09-29T21:31:19,2026-10-02_0700_A05,image,0.02521,3.78
2026-09-29T21:31:20,2026-10-02_0700_A05,image,0.02515,3.77
2026-09-29T21:31:33,2026-10-02_0700_A05,image,0.02516,3.77
2026-09-29T21:31:36,2026-10-02_0700_A05,image,0.02516,3.77
2026-09-29T21:31:47,2026-10-02_0700_A05,image,0.02464,3.70
2026-09-29T21:31:48,2026-10-02_0700_A05,image,0.02456,3.68
2026-09-29T21:31:59,2026-10-02_0700_A05,image,0.02512,3.77
2026-09-29T21:32:01,2026-10-02_0700_A05,image,0.02510,3.76
2026-09-29T21:32:12,2026-10-02_0700_A05,image,0.02505,3.76
2026-09-29T21:32:14,2026-10-02_0700_A05,image,0.02511,3.77
2026-09-29T21:32:25,2026-10-02_0700_A05,image,0.02508,3.76
2026-09-29T21:32:26,2026-10-02_0700_A05,image,0.02513,3.77
2026-09-29T21:32:36,2026-10-02_0700_A05,image,0.02513,3.77
2026-09-29T21:32:40,2026-10-02_0700_A05,image,0.02509,3.76
2026-09-29T21:32:48,2026-10-02_0700_A05,image,0.02519,3.78
2026-09-29T21:32:52,2026-10-02_0700_A05,image,0.02476,3.71
2026-09-29T21:33:01,2026-10-02_0700_A05,image,0.02523,3.78
2026-09-29T21:33:03,2026-10-02_0700_A05,image,0.02457,3.69
2026-09-29T21:33:14,2026-10-02_0700_A05,image,0.02507,3.76
2026-09-29T21:33:15,2026-10-02_0700_A05,image,0.02510,3.77
2026-09-29T21:34:05,2026-10-01_1200_B20,qa,0.04291,6.44
2026-09-29T21:34:16,2026-10-01_1200_B20,image,0.01205,1.81
2026-09-29T21:34:23,2026-10-01_1200_B20,image,0.02515,3.77
2026-09-29T21:35:04,2026-10-01_1200_B20,qa,0.00579,0.87
2026-09-29T21:37:13,2026-10-02_0700_A05,qa,0.04833,7.25
2026-09-29T21:37:26,2026-10-02_1200_B11,image,0.02468,3.70
2026-09-29T21:37:26,2026-10-02_1200_B11,image,0.01136,1.70
2026-09-29T21:37:35,2026-10-02_1200_B11,image,0.01185,1.78
2026-09-29T21:37:39,2026-10-02_1200_B11,image,0.02512,3.77
2026-09-29T21:37:49,2026-10-02_1200_B11,image,0.02510,3.76
2026-09-29T21:37:52,2026-10-02_1200_B11,image,0.02515,3.77
2026-09-29T21:38:03,2026-10-02_1200_B11,image,0.02513,3.77
2026-09-29T21:38:05,2026-10-02_1200_B11,image,0.02512,3.77
2026-09-29T21:38:14,2026-10-02_1200_B11,image,0.02511,3.77
2026-09-29T21:38:17,2026-10-02_1200_B11,image,0.02460,3.69
2026-09-29T21:38:24,2026-10-03_2100_E12,qa,0.04158,6.24
2026-09-29T21:38:28,2026-10-02_1200_B11,image,0.02507,3.76
2026-09-29T21:38:30,2026-10-02_1200_B11,image,0.02506,3.76
2026-09-29T21:38:37,2026-10-03_2100_E12,image,0.02529,3.79
2026-09-29T21:38:40,2026-10-03_2100_E12,image,0.02487,3.73
2026-09-29T21:38:43,2026-10-02_1200_B11,image,0.02510,3.76
2026-09-29T21:38:43,2026-10-02_1200_B11,image,0.02506,3.76
2026-09-29T21:38:58,2026-10-02_1200_B11,image,0.02521,3.78
2026-09-29T21:38:59,2026-10-02_1200_B11,image,0.02518,3.78
2026-09-29T21:39:10,2026-10-03_2100_E12,qa,0.00576,0.86
2026-09-29T21:39:11,2026-10-02_1200_B11,image,0.02505,3.76
2026-09-29T21:39:12,2026-10-02_1200_B11,image,0.02524,3.79
2026-09-29T21:39:24,2026-10-02_1200_B11,image,0.02517,3.78
2026-09-29T21:39:26,2026-10-02_1200_B11,image,0.02459,3.69
2026-09-29T21:42:57,2026-10-02_1200_B11,qa,0.04180,6.27
2026-09-29T21:43:07,2026-10-02_1200_B11,image,0.01191,1.79
2026-09-29T21:43:13,2026-10-02_1200_B11,qa,0.00177,0.27
2026-09-29T21:43:15,2026-09-30_2100_C05,qa,0.04971,7.46
2026-09-29T21:43:29,2026-09-30_2100_C05,image,0.02497,3.75
2026-09-29T21:43:30,2026-09-30_2100_C05,image,0.02496,3.74
2026-09-29T21:43:43,2026-09-30_2100_C05,image,0.02510,3.77
2026-09-29T21:43:44,2026-09-30_2100_C05,image,0.02538,3.81
2026-09-29T21:43:56,2026-09-30_2100_C05,image,0.02542,3.81
2026-09-29T21:44:54,2026-09-30_2100_C05,qa,0.01233,1.85
2026-09-29T21:48:15,2026-10-02_2100_B05,qa,0.04114,6.17
2026-09-29T21:48:27,2026-10-02_2100_B05,image,0.02529,3.79
2026-09-29T21:48:42,2026-10-02_2100_B05,qa,0.00388,0.58
2026-09-29T21:52:13,2026-09-30_0700_A04,qa,0.04409,6.61
2026-09-29T21:52:26,2026-09-30_0700_A04,image,0.02515,3.77
2026-09-29T21:52:38,2026-09-30_0700_A04,qa,0.00253,0.38
2026-09-29T21:53:25,2026-09-30_2100_C05,image,0.02552,3.83
2026-09-29T21:53:26,2026-09-30_2100_C05,image,0.02481,3.72
2026-09-29T21:53:38,2026-09-30_2100_C05,image,0.02530,3.80
2026-09-29T21:54:04,2026-09-30_2100_C05,qa,0.00655,0.98
2026-09-29T21:54:16,2026-09-30_0700_A04,image,0.02529,3.79
2026-09-29T21:54:27,2026-09-30_0700_A04,qa,0.00160,0.24
2026-09-29T21:54:40,2026-10-02_2100_B05,image,0.02518,3.78
2026-09-29T21:54:49,2026-10-02_2100_B05,qa,0.00213,0.32
2026-09-29T21:55:03,2026-10-01_2100_C01,image,0.02546,3.82
2026-09-29T21:55:09,2026-10-01_2100_C01,qa,0.00147,0.22
2026-09-29T21:55:55,2026-10-01_0700_A02,image,0.02487,3.73
2026-09-29T21:56:07,2026-09-30_2100_C05,image,0.02488,3.73
2026-09-29T21:56:25,2026-10-01_1200_B20,image,0.02526,3.79
2026-09-29T21:56:35,2026-10-01_0700_A02,qa,0.00130,0.20
2026-09-29T21:56:45,2026-09-30_2100_C05,qa,0.00189,0.28
2026-09-29T21:56:56,2026-10-01_1200_B20,qa,0.00279,0.42
2026-10-03T22:05:08,2026-10-04_0700_A03,image,0.02494,3.74
2026-10-03T22:05:10,2026-10-04_0700_A03,image,0.02546,3.82
2026-10-03T22:05:20,2026-10-04_0700_A03,image,0.02490,3.73
2026-10-03T22:05:23,2026-10-04_0700_A03,image,0.02491,3.74
2026-10-03T22:05:35,2026-10-04_0700_A03,image,0.02489,3.73
2026-10-03T22:05:36,2026-10-04_0700_A03,image,0.02486,3.73
2026-10-03T22:05:46,2026-10-04_0700_A03,image,0.02486,3.73
2026-10-03T22:05:50,2026-10-04_0700_A03,image,0.02488,3.73
2026-10-03T22:05:59,2026-10-04_0700_A03,image,0.02486,3.73
2026-10-03T22:06:04,2026-10-04_0700_A03,image,0.02482,3.72
2026-10-03T22:06:10,2026-10-04_0700_A03,image,0.02483,3.72
2026-10-03T22:06:17,2026-10-04_0700_A03,image,0.02486,3.73
2026-10-03T22:06:23,2026-10-04_0700_A03,image,0.02544,3.82
2026-10-03T22:06:29,2026-10-04_0700_A03,image,0.02539,3.81
2026-10-03T22:06:36,2026-10-04_0700_A03,image,0.02534,3.80
2026-10-03T22:06:42,2026-10-04_0700_A03,image,0.02548,3.82
2026-10-03T22:06:47,2026-10-04_0700_A03,image,0.01146,1.72
2026-10-03T22:06:54,2026-10-04_0700_A03,image,0.02482,3.72
2026-10-03T22:06:59,2026-10-04_0700_A03,image,0.02487,3.73
2026-10-03T22:07:07,2026-10-04_0700_A03,image,0.02534,3.80
2026-10-03T22:10:08,2026-10-04_0700_A03,qa,0.03774,5.66
